﻿Designator,Footprint,Quantity,Value,LCSC Part #
"C1, C2, C3",0603,3,100uF,
"C10, C11, C12, C13, C14, C15, C17, C18, C19, C20, C21, C22, C23, C29, C4, C5, C6, C7, C8",0805,19,100nF,C49678
D1,0805,1,Power LED,C2297
"D19, D20, D21, D22, D23, D24, D25, D26",0805,8,LED,C2297
IC1,SOIC-16W_7.5x10.3mm_P1.27mm,1,DS1232S+,
IC2,DIP-24_W7.62mm_LongPads,1,ATF22V10C-7PU,
"J1, J4",PinHeader_2x32_P2.54mm_Vertical,2,Conn_02x32_Odd_Even,
"J10, J9",PinHeader_1x03_P2.54mm_Vertical,2,Conn_01x03_Pin,
J2,PinHeader_1x02_P2.54mm_Vertical,1,Conn_01x02_Pin,
J3,PinHeader_1x32_P2.54mm_Vertical,1,Conn_01x32_Pin,
J5,PinHeader_2x16_P2.54mm_Vertical,1,Conn_02x16_Odd_Even,
J6,PinHeader_1x16_P2.54mm_Vertical,1,Conn_01x16_Pin,
J7,PinHeader_1x08_P2.54mm_Vertical,1,Conn_01x08_Pin,
J8,PinHeader_2x12_P2.54mm_Vertical,1,Conn_02x12_Odd_Even,
R1,0805,1,1K,C17513
RN1,R_Array_Convex_4x0603,1,1K,C20197
RN2,R_Array_Convex_4x0603,1,R_Pack04,C20197
SW1,SW_TH_Tactile_Omron_B3F-10xx,1,Reset,
U1,PGA179_BIG,1,MC680LC40,
X1,Oscillator_SMD_SeikoEpson_SG8002JA-4Pin_14.0x8.7mm,1,SG-615,
